record_id,issue_type
FS-004695,MISSING_CUSTOMER_ID
FS-005400,MISSING_CUSTOMER_ID
FS-009587,MISSING_CUSTOMER_ID
FS-005829,MISSING_CUSTOMER_ID
FS-004807,MISSING_CUSTOMER_ID
FS-008200,MISSING_CUSTOMER_ID
FS-003873,MISSING_CUSTOMER_ID
FS-009905,MISSING_CUSTOMER_ID
FS-008580,MISSING_CUSTOMER_ID
FS-004205,MISSING_CUSTOMER_ID
FS-006539,MISSING_CUSTOMER_ID
FS-001941,MISSING_CUSTOMER_ID
FS-001116,MISSING_CUSTOMER_ID
FS-007444,MISSING_CUSTOMER_ID
FS-007851,MISSING_CUSTOMER_ID
FS-002435,MISSING_CUSTOMER_ID
FS-001025,MISSING_CUSTOMER_ID
FS-009673,MISSING_CUSTOMER_ID
FS-003803,MISSING_CUSTOMER_ID
FS-002769,MISSING_CUSTOMER_ID
FS-002496,MISSING_CUSTOMER_ID
FS-001696,MISSING_CUSTOMER_ID
FS-009789,MISSING_CUSTOMER_ID
FS-005369,MISSING_CUSTOMER_ID
FS-000646,MISSING_CUSTOMER_ID
FS-004267,MISSING_CUSTOMER_ID
FS-008679,MISSING_CUSTOMER_ID
FS-006054,MISSING_CUSTOMER_ID
FS-005223,MISSING_CUSTOMER_ID
FS-005647,MISSING_CUSTOMER_ID
FS-007202,MISSING_CUSTOMER_ID
FS-006578,MISSING_CUSTOMER_ID
FS-001927,MISSING_CUSTOMER_ID
FS-006676,MISSING_CUSTOMER_ID
FS-004995,MISSING_CUSTOMER_ID
FS-009433,MISSING_CUSTOMER_ID
FS-006896,MISSING_CUSTOMER_ID
FS-007428,MISSING_CUSTOMER_ID
FS-008271,MISSING_CUSTOMER_ID
FS-004639,MISSING_CUSTOMER_ID
FS-007904,MISSING_CUSTOMER_ID
FS-004193,MISSING_CUSTOMER_ID
FS-001399,MISSING_CUSTOMER_ID
FS-008487,MISSING_CUSTOMER_ID
FS-006568,MISSING_CUSTOMER_ID
FS-008824,MISSING_CUSTOMER_ID
FS-001373,MISSING_CUSTOMER_ID
FS-005513,MISSING_CUSTOMER_ID
FS-006148,MISSING_CUSTOMER_ID
FS-007069,MISSING_CUSTOMER_ID
FS-009972,MISSING_CUSTOMER_ID
FS-004984,MISSING_CUSTOMER_ID
FS-007284,MISSING_CUSTOMER_ID
FS-003305,MISSING_CUSTOMER_ID
FS-008502,MISSING_CUSTOMER_ID
FS-003527,MISSING_CUSTOMER_ID
FS-000465,MISSING_CUSTOMER_ID
FS-005999,MISSING_CUSTOMER_ID
FS-001794,MISSING_CUSTOMER_ID
FS-004420,MISSING_CUSTOMER_ID
FS-007858,MISSING_CUSTOMER_ID
FS-006899,MISSING_CUSTOMER_ID
FS-001095,MISSING_CUSTOMER_ID
FS-008681,MISSING_CUSTOMER_ID
FS-004090,MISSING_CUSTOMER_ID
FS-006795,MISSING_CUSTOMER_ID
FS-006468,MISSING_CUSTOMER_ID
FS-005838,MISSING_CUSTOMER_ID
FS-000320,MISSING_CUSTOMER_ID
FS-005491,MISSING_CUSTOMER_ID
FS-008731,MISSING_CUSTOMER_ID
FS-009763,MISSING_CUSTOMER_ID
FS-000704,MISSING_CUSTOMER_ID
FS-008768,MISSING_CUSTOMER_ID
FS-005921,MISSING_CUSTOMER_ID
FS-002901,MISSING_CUSTOMER_ID
FS-003416,MISSING_CUSTOMER_ID
FS-007437,MISSING_CUSTOMER_ID
FS-004577,MISSING_CUSTOMER_ID
FS-009300,MISSING_CUSTOMER_ID
FS-006355,MISSING_CUSTOMER_ID
FS-002639,MISSING_CUSTOMER_ID
FS-006393,MISSING_CUSTOMER_ID
FS-002376,MISSING_CUSTOMER_ID
FS-005332,MISSING_CUSTOMER_ID
FS-004075,MISSING_CUSTOMER_ID
FS-005005,MISSING_CUSTOMER_ID
FS-005360,MISSING_CUSTOMER_ID
FS-006680,MISSING_CUSTOMER_ID
FS-005110,MISSING_CUSTOMER_ID
FS-001190,MISSING_CUSTOMER_ID
FS-007108,MISSING_CUSTOMER_ID
FS-002855,MISSING_CUSTOMER_ID
FS-007160,MISSING_CUSTOMER_ID
FS-002489,MISSING_CUSTOMER_ID
FS-008030,MISSING_CUSTOMER_ID
FS-008106,MISSING_CUSTOMER_ID
FS-002716,MISSING_CUSTOMER_ID
FS-003093,MISSING_CUSTOMER_ID
FS-005914,MISSING_CUSTOMER_ID
FS-002225,INVALID_CURRENCY
FS-007897,INVALID_CURRENCY
FS-007916,INVALID_CURRENCY
FS-009634,INVALID_CURRENCY
FS-000365,INVALID_CURRENCY
FS-003052,INVALID_CURRENCY
FS-009670,INVALID_CURRENCY
FS-000514,INVALID_CURRENCY
FS-009954,INVALID_CURRENCY
FS-002276,INVALID_CURRENCY
FS-006575,INVALID_CURRENCY
FS-008755,INVALID_CURRENCY
FS-003597,INVALID_CURRENCY
FS-008802,INVALID_CURRENCY
FS-009067,INVALID_CURRENCY
FS-001115,INVALID_CURRENCY
FS-003468,INVALID_CURRENCY
FS-006900,INVALID_CURRENCY
FS-007482,INVALID_CURRENCY
FS-000560,INVALID_CURRENCY
FS-002018,INVALID_CURRENCY
FS-009631,INVALID_CURRENCY
FS-009773,INVALID_CURRENCY
FS-003793,INVALID_CURRENCY
FS-002410,INVALID_CURRENCY
FS-002614,INVALID_CURRENCY
FS-000536,INVALID_CURRENCY
FS-000779,INVALID_CURRENCY
FS-003682,INVALID_CURRENCY
FS-003204,INVALID_CURRENCY
FS-007590,INVALID_CURRENCY
FS-004813,INVALID_CURRENCY
FS-006846,INVALID_CURRENCY
FS-007970,INVALID_CURRENCY
FS-005087,INVALID_CURRENCY
FS-005653,INVALID_CURRENCY
FS-007733,INVALID_CURRENCY
FS-002945,INVALID_CURRENCY
FS-009611,INVALID_CURRENCY
FS-009026,INVALID_CURRENCY
FS-005517,INVALID_CURRENCY
FS-006279,INVALID_CURRENCY
FS-008298,INVALID_CURRENCY
FS-005960,INVALID_CURRENCY
FS-004983,INVALID_CURRENCY
FS-006408,INVALID_CURRENCY
FS-005427,INVALID_CURRENCY
FS-004282,INVALID_CURRENCY
FS-006278,INVALID_CURRENCY
FS-003255,INVALID_CURRENCY
FS-004094,INVALID_CURRENCY
FS-006908,INVALID_CURRENCY
FS-000491,INVALID_CURRENCY
FS-005624,INVALID_CURRENCY
FS-008205,INVALID_CURRENCY
FS-003644,INVALID_CURRENCY
FS-008566,INVALID_CURRENCY
FS-003415,INVALID_CURRENCY
FS-005129,INVALID_CURRENCY
FS-006797,INVALID_CURRENCY
FS-005319,INVALID_CURRENCY
FS-005265,INVALID_CURRENCY
FS-001506,INVALID_CURRENCY
FS-009510,INVALID_CURRENCY
FS-009303,INVALID_CURRENCY
FS-009771,INVALID_CURRENCY
FS-005238,INVALID_CURRENCY
FS-008679,INVALID_CURRENCY
FS-004219,INVALID_CURRENCY
FS-009182,INVALID_CURRENCY
FS-009151,NEGATIVE_POSITION_AMOUNT
FS-009087,NEGATIVE_POSITION_AMOUNT
FS-003195,NEGATIVE_POSITION_AMOUNT
FS-002797,NEGATIVE_POSITION_AMOUNT
FS-006171,NEGATIVE_POSITION_AMOUNT
FS-005210,NEGATIVE_POSITION_AMOUNT
FS-000197,NEGATIVE_POSITION_AMOUNT
FS-008996,NEGATIVE_POSITION_AMOUNT
FS-009825,NEGATIVE_POSITION_AMOUNT
FS-007639,NEGATIVE_POSITION_AMOUNT
FS-005533,NEGATIVE_POSITION_AMOUNT
FS-009977,NEGATIVE_POSITION_AMOUNT
FS-004069,NEGATIVE_POSITION_AMOUNT
FS-009946,NEGATIVE_POSITION_AMOUNT
FS-003126,NEGATIVE_POSITION_AMOUNT
FS-007625,NEGATIVE_POSITION_AMOUNT
FS-003822,NEGATIVE_POSITION_AMOUNT
FS-004480,NEGATIVE_POSITION_AMOUNT
FS-003898,NEGATIVE_POSITION_AMOUNT
FS-006343,NEGATIVE_POSITION_AMOUNT
FS-006889,NEGATIVE_POSITION_AMOUNT
FS-008037,NEGATIVE_POSITION_AMOUNT
FS-008314,NEGATIVE_POSITION_AMOUNT
FS-007219,NEGATIVE_POSITION_AMOUNT
FS-001377,NEGATIVE_POSITION_AMOUNT
FS-000510,NEGATIVE_POSITION_AMOUNT
FS-003482,NEGATIVE_POSITION_AMOUNT
FS-007745,NEGATIVE_POSITION_AMOUNT
FS-001449,NEGATIVE_POSITION_AMOUNT
FS-003987,NEGATIVE_POSITION_AMOUNT
FS-004207,NEGATIVE_POSITION_AMOUNT
FS-001233,NEGATIVE_POSITION_AMOUNT
FS-001895,NEGATIVE_POSITION_AMOUNT
FS-007890,NEGATIVE_POSITION_AMOUNT
FS-009552,NEGATIVE_POSITION_AMOUNT
FS-006433,NEGATIVE_POSITION_AMOUNT
FS-009638,NEGATIVE_POSITION_AMOUNT
FS-008391,NEGATIVE_POSITION_AMOUNT
FS-007258,NEGATIVE_POSITION_AMOUNT
FS-006694,NEGATIVE_POSITION_AMOUNT
FS-003961,NEGATIVE_POSITION_AMOUNT
FS-004357,NEGATIVE_POSITION_AMOUNT
FS-005534,NEGATIVE_POSITION_AMOUNT
FS-006380,NEGATIVE_POSITION_AMOUNT
FS-002415,NEGATIVE_POSITION_AMOUNT
FS-009521,NEGATIVE_POSITION_AMOUNT
FS-000724,NEGATIVE_POSITION_AMOUNT
FS-002902,NEGATIVE_POSITION_AMOUNT
FS-006894,NEGATIVE_POSITION_AMOUNT
FS-006312,NEGATIVE_POSITION_AMOUNT
FS-006447,NEGATIVE_POSITION_AMOUNT
FS-003226,NEGATIVE_POSITION_AMOUNT
FS-002167,NEGATIVE_POSITION_AMOUNT
FS-003021,NEGATIVE_POSITION_AMOUNT
FS-007716,NEGATIVE_POSITION_AMOUNT
FS-008240,NEGATIVE_POSITION_AMOUNT
FS-009024,NEGATIVE_POSITION_AMOUNT
FS-007828,NEGATIVE_POSITION_AMOUNT
FS-005589,NEGATIVE_POSITION_AMOUNT
FS-007523,NEGATIVE_POSITION_AMOUNT
FS-009122,NEGATIVE_POSITION_AMOUNT
FS-003604,NEGATIVE_POSITION_AMOUNT
FS-001985,NEGATIVE_POSITION_AMOUNT
FS-000203,NEGATIVE_POSITION_AMOUNT
FS-000455,NEGATIVE_POSITION_AMOUNT
FS-000047,NEGATIVE_POSITION_AMOUNT
FS-008381,NEGATIVE_POSITION_AMOUNT
FS-002708,NEGATIVE_POSITION_AMOUNT
FS-006089,NEGATIVE_POSITION_AMOUNT
FS-004997,NEGATIVE_POSITION_AMOUNT
FS-005251,INVALID_MATURITY_DATE
FS-005473,INVALID_MATURITY_DATE
FS-004391,INVALID_MATURITY_DATE
FS-000778,INVALID_MATURITY_DATE
FS-006524,INVALID_MATURITY_DATE
FS-001786,INVALID_MATURITY_DATE
FS-006754,INVALID_MATURITY_DATE
FS-000097,INVALID_MATURITY_DATE
FS-009479,INVALID_MATURITY_DATE
FS-008800,INVALID_MATURITY_DATE
FS-009678,INVALID_MATURITY_DATE
FS-007197,INVALID_MATURITY_DATE
FS-009169,INVALID_MATURITY_DATE
FS-009194,INVALID_MATURITY_DATE
FS-006861,INVALID_MATURITY_DATE
FS-009337,INVALID_MATURITY_DATE
FS-003177,INVALID_MATURITY_DATE
FS-004192,INVALID_MATURITY_DATE
FS-002651,INVALID_MATURITY_DATE
FS-000167,INVALID_MATURITY_DATE
FS-008524,INVALID_MATURITY_DATE
FS-003754,INVALID_MATURITY_DATE
FS-003522,INVALID_MATURITY_DATE
FS-007552,INVALID_MATURITY_DATE
FS-006651,INVALID_MATURITY_DATE
FS-000351,INVALID_MATURITY_DATE
FS-007020,INVALID_MATURITY_DATE
FS-007777,INVALID_MATURITY_DATE
FS-005257,INVALID_MATURITY_DATE
FS-000627,INVALID_MATURITY_DATE
FS-002331,INVALID_MATURITY_DATE
FS-003063,INVALID_MATURITY_DATE
FS-002824,INVALID_MATURITY_DATE
FS-007243,INVALID_MATURITY_DATE
FS-003255,INVALID_MATURITY_DATE
FS-006381,INVALID_MATURITY_DATE
FS-007999,INVALID_MATURITY_DATE
FS-003786,INVALID_MATURITY_DATE
FS-000126,INVALID_MATURITY_DATE
FS-007450,INVALID_MATURITY_DATE
FS-002511,INVALID_MATURITY_DATE
FS-004000,INVALID_MATURITY_DATE
FS-007846,INVALID_MATURITY_DATE
FS-008523,INVALID_MATURITY_DATE
FS-006644,INVALID_MATURITY_DATE
FS-002111,INVALID_MATURITY_DATE
FS-000585,INVALID_MATURITY_DATE
FS-009579,INVALID_MATURITY_DATE
FS-008292,INVALID_MATURITY_DATE
FS-004273,INVALID_MATURITY_DATE
FS-002067,INVALID_MATURITY_DATE
FS-005263,INVALID_MATURITY_DATE
FS-002374,INVALID_MATURITY_DATE
FS-007193,INVALID_MATURITY_DATE
FS-005961,INVALID_MATURITY_DATE
FS-006044,INVALID_MATURITY_DATE
FS-005393,INVALID_MATURITY_DATE
FS-006446,INVALID_MATURITY_DATE
FS-004690,INVALID_MATURITY_DATE
FS-000032,INVALID_MATURITY_DATE
FS-003338,INVALID_MATURITY_DATE
FS-008259,INVALID_MATURITY_DATE
FS-009789,INVALID_MATURITY_DATE
FS-009131,INVALID_MATURITY_DATE
FS-000223,INVALID_MATURITY_DATE
FS-009308,INVALID_MATURITY_DATE
FS-008454,INVALID_MATURITY_DATE
FS-003165,INVALID_MATURITY_DATE
FS-001102,INVALID_MATURITY_DATE
FS-003955,INVALID_MATURITY_DATE
FS-009935,INVALID_MATURITY_DATE
FS-008573,INVALID_MATURITY_DATE
FS-000989,INVALID_MATURITY_DATE
FS-008314,INVALID_MATURITY_DATE
FS-006464,INVALID_MATURITY_DATE
FS-005194,INVALID_MATURITY_DATE
FS-008807,INVALID_MATURITY_DATE
FS-006403,INVALID_MATURITY_DATE
FS-005228,INVALID_MATURITY_DATE
FS-006043,INVALID_MATURITY_DATE
FS-000769,INVALID_PRODUCT_TYPE
FS-000211,INVALID_PRODUCT_TYPE
FS-006580,INVALID_PRODUCT_TYPE
FS-000678,INVALID_PRODUCT_TYPE
FS-001514,INVALID_PRODUCT_TYPE
FS-002504,INVALID_PRODUCT_TYPE
FS-003718,INVALID_PRODUCT_TYPE
FS-006469,INVALID_PRODUCT_TYPE
FS-006577,INVALID_PRODUCT_TYPE
FS-009169,INVALID_PRODUCT_TYPE
FS-004131,INVALID_PRODUCT_TYPE
FS-007609,INVALID_PRODUCT_TYPE
FS-000862,INVALID_PRODUCT_TYPE
FS-008771,INVALID_PRODUCT_TYPE
FS-002153,INVALID_PRODUCT_TYPE
FS-000309,INVALID_PRODUCT_TYPE
FS-000194,INVALID_PRODUCT_TYPE
FS-003713,INVALID_PRODUCT_TYPE
FS-002870,INVALID_PRODUCT_TYPE
FS-004242,INVALID_PRODUCT_TYPE
FS-009002,INVALID_PRODUCT_TYPE
FS-007875,INVALID_PRODUCT_TYPE
FS-007459,INVALID_PRODUCT_TYPE
FS-000210,INVALID_PRODUCT_TYPE
FS-002505,INVALID_PRODUCT_TYPE
FS-003698,INVALID_PRODUCT_TYPE
FS-008677,INVALID_PRODUCT_TYPE
FS-000622,INVALID_PRODUCT_TYPE
FS-005050,INVALID_PRODUCT_TYPE
FS-006943,INVALID_PRODUCT_TYPE
FS-008136,INVALID_PRODUCT_TYPE
FS-004553,INVALID_PRODUCT_TYPE
FS-004336,INVALID_PRODUCT_TYPE
FS-004057,INVALID_PRODUCT_TYPE
FS-000894,INVALID_PRODUCT_TYPE
FS-007183,INVALID_PRODUCT_TYPE
FS-006241,INVALID_PRODUCT_TYPE
FS-008782,INVALID_PRODUCT_TYPE
FS-008427,INVALID_PRODUCT_TYPE
FS-007904,INVALID_PRODUCT_TYPE
FS-005073,INVALID_PRODUCT_TYPE
FS-007265,INVALID_PRODUCT_TYPE
FS-000754,INVALID_PRODUCT_TYPE
FS-006880,INVALID_PRODUCT_TYPE
FS-007246,INVALID_PRODUCT_TYPE
FS-001053,INVALID_PRODUCT_TYPE
FS-002041,INVALID_PRODUCT_TYPE
FS-003171,INVALID_PRODUCT_TYPE
FS-003690,INVALID_PRODUCT_TYPE
FS-008759,INVALID_PRODUCT_TYPE
FS-006763,STALE_AS_OF_DATE
FS-008082,STALE_AS_OF_DATE
FS-004743,STALE_AS_OF_DATE
FS-002192,STALE_AS_OF_DATE
FS-001141,STALE_AS_OF_DATE
FS-004835,STALE_AS_OF_DATE
FS-008970,STALE_AS_OF_DATE
FS-004595,STALE_AS_OF_DATE
FS-008178,STALE_AS_OF_DATE
FS-002538,STALE_AS_OF_DATE
FS-000587,STALE_AS_OF_DATE
FS-000250,STALE_AS_OF_DATE
FS-005460,STALE_AS_OF_DATE
FS-000948,STALE_AS_OF_DATE
FS-007365,STALE_AS_OF_DATE
FS-003580,STALE_AS_OF_DATE
FS-000166,STALE_AS_OF_DATE
FS-009858,STALE_AS_OF_DATE
FS-003643,STALE_AS_OF_DATE
FS-004869,STALE_AS_OF_DATE
FS-006589,STALE_AS_OF_DATE
FS-007327,STALE_AS_OF_DATE
FS-001079,STALE_AS_OF_DATE
FS-007026,STALE_AS_OF_DATE
FS-007551,STALE_AS_OF_DATE
FS-001789,STALE_AS_OF_DATE
FS-004347,STALE_AS_OF_DATE
FS-000113,STALE_AS_OF_DATE
FS-007867,STALE_AS_OF_DATE
FS-009818,STALE_AS_OF_DATE
FS-008569,STALE_AS_OF_DATE
FS-009136,STALE_AS_OF_DATE
FS-003649,STALE_AS_OF_DATE
FS-005732,STALE_AS_OF_DATE
FS-002056,STALE_AS_OF_DATE
FS-003973,STALE_AS_OF_DATE
FS-008358,STALE_AS_OF_DATE
FS-001138,STALE_AS_OF_DATE
FS-009806,STALE_AS_OF_DATE
FS-005112,STALE_AS_OF_DATE
FS-001493,STALE_AS_OF_DATE
FS-007694,STALE_AS_OF_DATE
FS-005065,STALE_AS_OF_DATE
FS-003692,STALE_AS_OF_DATE
FS-005055,STALE_AS_OF_DATE
FS-005337,STALE_AS_OF_DATE
FS-005746,STALE_AS_OF_DATE
FS-005162,STALE_AS_OF_DATE
FS-008811,STALE_AS_OF_DATE
FS-003966,STALE_AS_OF_DATE
FS-007692,STALE_AS_OF_DATE
FS-005756,STALE_AS_OF_DATE
FS-001777,STALE_AS_OF_DATE
FS-006821,STALE_AS_OF_DATE
FS-001195,STALE_AS_OF_DATE
FS-008870,STALE_AS_OF_DATE
FS-000733,STALE_AS_OF_DATE
FS-008122,STALE_AS_OF_DATE
FS-009718,STALE_AS_OF_DATE
FS-005820,STALE_AS_OF_DATE
FS-004812,STALE_AS_OF_DATE
FS-001321,STALE_AS_OF_DATE
FS-006703,STALE_AS_OF_DATE
FS-005617,STALE_AS_OF_DATE
FS-001634,STALE_AS_OF_DATE
FS-004722,STALE_AS_OF_DATE
FS-006919,STALE_AS_OF_DATE
FS-001915,STALE_AS_OF_DATE
FS-006117,STALE_AS_OF_DATE
FS-003108,STALE_AS_OF_DATE
FS-008964,STALE_AS_OF_DATE
FS-007765,STALE_AS_OF_DATE
FS-003721,STALE_AS_OF_DATE
FS-006470,STALE_AS_OF_DATE
FS-001546,STALE_AS_OF_DATE
FS-001904,STALE_AS_OF_DATE
FS-003075,STALE_AS_OF_DATE
FS-008020,STALE_AS_OF_DATE
FS-000314,STALE_AS_OF_DATE
FS-009632,STALE_AS_OF_DATE
FS-001947,STALE_AS_OF_DATE
FS-004723,STALE_AS_OF_DATE
FS-007319,STALE_AS_OF_DATE
FS-007402,STALE_AS_OF_DATE
FS-000789,STALE_AS_OF_DATE
FS-003952,STALE_AS_OF_DATE
FS-001644,STALE_AS_OF_DATE
FS-007130,STALE_AS_OF_DATE
FS-000846,STALE_AS_OF_DATE
FS-001022,STALE_AS_OF_DATE
FS-003002,STALE_AS_OF_DATE
FS-002883,STALE_AS_OF_DATE
FS-004844,STALE_AS_OF_DATE
FS-003044,STALE_AS_OF_DATE
FS-000330,STALE_AS_OF_DATE
FS-006265,STALE_AS_OF_DATE
FS-009458,STALE_AS_OF_DATE
FS-004183,STALE_AS_OF_DATE
FS-009250,STALE_AS_OF_DATE
FS-008897,STALE_AS_OF_DATE
FS-009943,SOURCE_REPORT_AMOUNT_MISMATCH
FS-001323,SOURCE_REPORT_AMOUNT_MISMATCH
FS-004839,SOURCE_REPORT_AMOUNT_MISMATCH
FS-003032,SOURCE_REPORT_AMOUNT_MISMATCH
FS-002625,SOURCE_REPORT_AMOUNT_MISMATCH
FS-008696,SOURCE_REPORT_AMOUNT_MISMATCH
FS-003202,SOURCE_REPORT_AMOUNT_MISMATCH
FS-007582,SOURCE_REPORT_AMOUNT_MISMATCH
FS-006474,SOURCE_REPORT_AMOUNT_MISMATCH
FS-002417,SOURCE_REPORT_AMOUNT_MISMATCH
FS-007905,SOURCE_REPORT_AMOUNT_MISMATCH
FS-000067,SOURCE_REPORT_AMOUNT_MISMATCH
FS-004570,SOURCE_REPORT_AMOUNT_MISMATCH
FS-005404,SOURCE_REPORT_AMOUNT_MISMATCH
FS-004458,SOURCE_REPORT_AMOUNT_MISMATCH
FS-009718,SOURCE_REPORT_AMOUNT_MISMATCH
FS-005021,SOURCE_REPORT_AMOUNT_MISMATCH
FS-005636,SOURCE_REPORT_AMOUNT_MISMATCH
FS-005389,SOURCE_REPORT_AMOUNT_MISMATCH
FS-005491,SOURCE_REPORT_AMOUNT_MISMATCH
FS-000484,SOURCE_REPORT_AMOUNT_MISMATCH
FS-005024,SOURCE_REPORT_AMOUNT_MISMATCH
FS-005921,SOURCE_REPORT_AMOUNT_MISMATCH
FS-004389,SOURCE_REPORT_AMOUNT_MISMATCH
FS-003125,SOURCE_REPORT_AMOUNT_MISMATCH
FS-002040,SOURCE_REPORT_AMOUNT_MISMATCH
FS-001342,SOURCE_REPORT_AMOUNT_MISMATCH
FS-001955,SOURCE_REPORT_AMOUNT_MISMATCH
FS-008589,SOURCE_REPORT_AMOUNT_MISMATCH
FS-005603,SOURCE_REPORT_AMOUNT_MISMATCH
FS-008795,SOURCE_REPORT_AMOUNT_MISMATCH
FS-001719,SOURCE_REPORT_AMOUNT_MISMATCH
FS-001224,SOURCE_REPORT_AMOUNT_MISMATCH
FS-004588,SOURCE_REPORT_AMOUNT_MISMATCH
FS-006570,SOURCE_REPORT_AMOUNT_MISMATCH
FS-001875,SOURCE_REPORT_AMOUNT_MISMATCH
FS-001348,SOURCE_REPORT_AMOUNT_MISMATCH
FS-006333,SOURCE_REPORT_AMOUNT_MISMATCH
FS-004150,SOURCE_REPORT_AMOUNT_MISMATCH
FS-000524,SOURCE_REPORT_AMOUNT_MISMATCH
FS-001516,SOURCE_REPORT_AMOUNT_MISMATCH
FS-003530,SOURCE_REPORT_AMOUNT_MISMATCH
FS-002287,SOURCE_REPORT_AMOUNT_MISMATCH
FS-003450,SOURCE_REPORT_AMOUNT_MISMATCH
FS-005212,SOURCE_REPORT_AMOUNT_MISMATCH
FS-002800,SOURCE_REPORT_AMOUNT_MISMATCH
FS-004547,SOURCE_REPORT_AMOUNT_MISMATCH
FS-006675,SOURCE_REPORT_AMOUNT_MISMATCH
FS-003768,SOURCE_REPORT_AMOUNT_MISMATCH
FS-000913,SOURCE_REPORT_AMOUNT_MISMATCH
FS-006459,SOURCE_REPORT_AMOUNT_MISMATCH
FS-007787,SOURCE_REPORT_AMOUNT_MISMATCH
FS-006625,SOURCE_REPORT_AMOUNT_MISMATCH
FS-005119,SOURCE_REPORT_AMOUNT_MISMATCH
FS-006256,SOURCE_REPORT_AMOUNT_MISMATCH
FS-005707,SOURCE_REPORT_AMOUNT_MISMATCH
FS-009226,SOURCE_REPORT_AMOUNT_MISMATCH
FS-009471,SOURCE_REPORT_AMOUNT_MISMATCH
FS-001274,SOURCE_REPORT_AMOUNT_MISMATCH
FS-004879,SOURCE_REPORT_AMOUNT_MISMATCH
FS-005036,SOURCE_REPORT_AMOUNT_MISMATCH
FS-007131,SOURCE_REPORT_AMOUNT_MISMATCH
FS-009449,SOURCE_REPORT_AMOUNT_MISMATCH
FS-001915,SOURCE_REPORT_AMOUNT_MISMATCH
FS-001721,SOURCE_REPORT_AMOUNT_MISMATCH
FS-003137,SOURCE_REPORT_AMOUNT_MISMATCH
FS-005286,SOURCE_REPORT_AMOUNT_MISMATCH
FS-006091,SOURCE_REPORT_AMOUNT_MISMATCH
FS-003189,SOURCE_REPORT_AMOUNT_MISMATCH
FS-006837,SOURCE_REPORT_AMOUNT_MISMATCH
FS-000437,SOURCE_REPORT_AMOUNT_MISMATCH
FS-005280,SOURCE_REPORT_AMOUNT_MISMATCH
FS-004033,SOURCE_REPORT_AMOUNT_MISMATCH
FS-003940,SOURCE_REPORT_AMOUNT_MISMATCH
FS-000711,SOURCE_REPORT_AMOUNT_MISMATCH
FS-000996,SOURCE_REPORT_AMOUNT_MISMATCH
FS-009055,SOURCE_REPORT_AMOUNT_MISMATCH
FS-002049,SOURCE_REPORT_AMOUNT_MISMATCH
FS-008850,SOURCE_REPORT_AMOUNT_MISMATCH
FS-009750,SOURCE_REPORT_AMOUNT_MISMATCH
FS-003870,SOURCE_REPORT_AMOUNT_MISMATCH
FS-007355,SOURCE_REPORT_AMOUNT_MISMATCH
FS-003771,SOURCE_REPORT_AMOUNT_MISMATCH
FS-005865,SOURCE_REPORT_AMOUNT_MISMATCH
FS-006905,SOURCE_REPORT_AMOUNT_MISMATCH
FS-006328,SOURCE_REPORT_AMOUNT_MISMATCH
FS-002574,SOURCE_REPORT_AMOUNT_MISMATCH
FS-000651,SOURCE_REPORT_AMOUNT_MISMATCH
FS-004079,SOURCE_REPORT_AMOUNT_MISMATCH
FS-002746,SOURCE_REPORT_AMOUNT_MISMATCH
FS-007227,SOURCE_REPORT_AMOUNT_MISMATCH
FS-006411,SOURCE_REPORT_AMOUNT_MISMATCH
FS-007687,SOURCE_REPORT_AMOUNT_MISMATCH
FS-006941,SOURCE_REPORT_AMOUNT_MISMATCH
FS-007739,SOURCE_REPORT_AMOUNT_MISMATCH
FS-003511,SOURCE_REPORT_AMOUNT_MISMATCH
FS-004060,SOURCE_REPORT_AMOUNT_MISMATCH
FS-004986,SOURCE_REPORT_AMOUNT_MISMATCH
FS-006645,SOURCE_REPORT_AMOUNT_MISMATCH
FS-007617,SOURCE_REPORT_AMOUNT_MISMATCH
FS-000238,SOURCE_REPORT_AMOUNT_MISMATCH
FS-005852,SOURCE_REPORT_AMOUNT_MISMATCH
FS-002858,SOURCE_REPORT_AMOUNT_MISMATCH
FS-008248,SOURCE_REPORT_AMOUNT_MISMATCH
FS-003534,SOURCE_REPORT_AMOUNT_MISMATCH
FS-009575,SOURCE_REPORT_AMOUNT_MISMATCH
FS-004758,SOURCE_REPORT_AMOUNT_MISMATCH
FS-005211,SOURCE_REPORT_AMOUNT_MISMATCH
FS-002880,SOURCE_REPORT_AMOUNT_MISMATCH
FS-000814,SOURCE_REPORT_AMOUNT_MISMATCH
FS-005520,SOURCE_REPORT_AMOUNT_MISMATCH
FS-001987,SOURCE_REPORT_AMOUNT_MISMATCH
FS-000086,SOURCE_REPORT_AMOUNT_MISMATCH
FS-002681,SOURCE_REPORT_AMOUNT_MISMATCH
FS-000275,SOURCE_REPORT_AMOUNT_MISMATCH
FS-003604,SOURCE_REPORT_AMOUNT_MISMATCH
FS-001877,SOURCE_REPORT_AMOUNT_MISMATCH
FS-001481,SOURCE_REPORT_AMOUNT_MISMATCH
FS-005626,SOURCE_REPORT_AMOUNT_MISMATCH
FS-001789,SOURCE_REPORT_AMOUNT_MISMATCH
FS-003507,SOURCE_REPORT_AMOUNT_MISMATCH
FS-008342,SOURCE_REPORT_AMOUNT_MISMATCH
FS-008829,SOURCE_REPORT_AMOUNT_MISMATCH
FS-009774,SOURCE_REPORT_AMOUNT_MISMATCH
FS-002310,SOURCE_REPORT_AMOUNT_MISMATCH
FS-009033,SOURCE_REPORT_AMOUNT_MISMATCH
FS-009737,SOURCE_REPORT_AMOUNT_MISMATCH
FS-002291,SOURCE_REPORT_AMOUNT_MISMATCH
FS-009990,SOURCE_REPORT_AMOUNT_MISMATCH
FS-002971,SOURCE_REPORT_AMOUNT_MISMATCH
FS-005471,SOURCE_REPORT_AMOUNT_MISMATCH
FS-009983,SOURCE_REPORT_AMOUNT_MISMATCH
FS-002921,SOURCE_REPORT_AMOUNT_MISMATCH
FS-006651,SOURCE_REPORT_AMOUNT_MISMATCH
FS-009617,SOURCE_REPORT_AMOUNT_MISMATCH
FS-005360,SOURCE_REPORT_AMOUNT_MISMATCH
FS-001647,SOURCE_REPORT_AMOUNT_MISMATCH
FS-006537,SOURCE_REPORT_AMOUNT_MISMATCH
FS-003861,SOURCE_REPORT_AMOUNT_MISMATCH
FS-009677,SOURCE_REPORT_AMOUNT_MISMATCH
FS-005029,SOURCE_REPORT_AMOUNT_MISMATCH
FS-002187,SOURCE_REPORT_AMOUNT_MISMATCH
FS-000278,SOURCE_REPORT_AMOUNT_MISMATCH
FS-002585,SOURCE_REPORT_AMOUNT_MISMATCH
FS-008745,SOURCE_REPORT_AMOUNT_MISMATCH
FS-000201,SOURCE_REPORT_AMOUNT_MISMATCH
FS-007288,SOURCE_REPORT_AMOUNT_MISMATCH
FS-009548,SOURCE_REPORT_AMOUNT_MISMATCH
FS-007848,SOURCE_REPORT_AMOUNT_MISMATCH
FS-001029,SOURCE_REPORT_AMOUNT_MISMATCH
FS-001245,DUPLICATE_RECORD
FS-003712,DUPLICATE_RECORD
FS-000924,DUPLICATE_RECORD
FS-002865,DUPLICATE_RECORD
FS-000543,DUPLICATE_RECORD
FS-002867,DUPLICATE_RECORD
FS-000125,DUPLICATE_RECORD
FS-006708,DUPLICATE_RECORD
FS-003400,DUPLICATE_RECORD
FS-007676,DUPLICATE_RECORD
FS-001612,DUPLICATE_RECORD
FS-001889,DUPLICATE_RECORD
FS-006657,DUPLICATE_RECORD
FS-009158,DUPLICATE_RECORD
FS-009774,DUPLICATE_RECORD
FS-004528,DUPLICATE_RECORD
FS-006363,DUPLICATE_RECORD
FS-004732,DUPLICATE_RECORD
FS-004843,DUPLICATE_RECORD
FS-002650,DUPLICATE_RECORD
FS-005555,DUPLICATE_RECORD
FS-008330,DUPLICATE_RECORD
FS-002319,DUPLICATE_RECORD
FS-003394,DUPLICATE_RECORD
FS-003661,DUPLICATE_RECORD
FS-002062,DUPLICATE_RECORD
FS-001284,DUPLICATE_RECORD
FS-002885,DUPLICATE_RECORD
FS-004508,DUPLICATE_RECORD
FS-001057,DUPLICATE_RECORD
FS-005868,DUPLICATE_RECORD
FS-008257,DUPLICATE_RECORD
FS-004613,DUPLICATE_RECORD
FS-004494,DUPLICATE_RECORD
FS-003875,DUPLICATE_RECORD
FS-009112,DUPLICATE_RECORD
FS-009667,DUPLICATE_RECORD
FS-002353,DUPLICATE_RECORD
FS-008898,DUPLICATE_RECORD
FS-005601,DUPLICATE_RECORD
FS-009920,DUPLICATE_RECORD
FS-005758,DUPLICATE_RECORD
FS-003818,DUPLICATE_RECORD
FS-008540,DUPLICATE_RECORD
FS-008526,DUPLICATE_RECORD
FS-008981,DUPLICATE_RECORD
FS-003153,DUPLICATE_RECORD
FS-000058,DUPLICATE_RECORD
FS-002116,DUPLICATE_RECORD
FS-006641,DUPLICATE_RECORD
